{
  "name": "angular-mocks",
  "version": "1.6.1",
  "license": "MIT",
  "main": "./angular-mocks.js",
  "ignore": [],
  "dependencies": {
    "angular": "1.6.1"
  },
  "homepage": "https://github.com/angular/bower-angular-mocks",
  "_release": "1.6.1",
  "_resolution": {
    "type": "version",
    "tag": "v1.6.1",
    "commit": "d8ac5a2016c9714b7c87284d21a34648036e8eea"
  },
  "_source": "https://github.com/angular/bower-angular-mocks.git",
  "_target": "^1.6.1",
  "_originalSource": "angular-mocks",
  "_direct": true
}